category,match,verdict,note
cross-check,200 BC: digitized Chandler's #1 is xian,caveat,"The digitized Chandler dataset (Reba et al. 2016) lists Chang'an at 400,000 in 200 BC, but Wikipedia's transcription of Chandler (1987) names Pataliputra (350,000) as the largest city that year. Chang'an only became the Han capital in 202 BC, so treat its ranking this year with caution. Not resolved without the book itself."
cross-check,1000: cordoba is #1 in both,caveat,"The digitized dataset gives Córdoba 450,000 in 1000, the figure widely quoted from Chandler; Wikipedia's list of largest cities gives Chandler's figure as 350,000. Either way it is Chandler's largest city that year."
gap,AD 361: Luoyang|China,no-action,"Interpolation is misleading here: Luoyang was sacked in 311 (Disaster of Yongjia) and lost its capital status, so it was far smaller in 361 than a straight line from AD 100 to AD 500 implies."
gap,AD 500: Xian|China,no-action,"Chang'an was a regional city in 500; its growth to 400,000 followed the Sui rebuilding of the capital (Daxing) in 582. Interpolating from 361 to 622 overstates 500."
gap,1000: Xian|China,no-action,"Chang'an was largely destroyed and abandoned as capital in 904, so it was far smaller in 1000 than interpolating from 900 suggests."
gap,1100: Kyoto|Japan,caveat,"Heian-kyō (Kyoto) is not recorded for 1100 in the digitized dataset. Chandler has it at 175,000 in 1000 and 150,000 in 1150, so it probably belongs in this year's top 5 (tied around 150,000)."
spike,Cordoba|Spain 1000,no-action,"This is Chandler's well-known estimate for Umayyad Córdoba at its caliphal peak, not a transcription error. See the cross-check caveat for 1000."
spike,Delhi|India 1375,no-action,"Not in any snapshot's top 5; affects only Delhi's trajectory. Left as digitized."
spike,Delhi|India 1666,no-action,"Not in any snapshot's top 5; affects only Delhi's trajectory. Left as digitized."
spike,Inwa|Myanmar 1770,no-action,"Not in any snapshot's top 5. Left as digitized."
spike,Lahore|Pakistan 1650,no-action,"Not in any snapshot's top 5. Left as digitized."
duplicate,Damascus|Syria and Jerusalem|Israel,no-action,"Round-number estimates for two distinct, well-known cities; not a geocoding duplicate."
duplicate,Kyoto|Japan and Osaka|Japan,no-action,"Two distinct cities that Chandler estimates at the same size in 1825; neither is in that year's top 5."
